,Country,rank,sdg1_score,sdg2_score,sdg3_score,sdg4_score,sdg5_score,sdg6_score,sdg7_score,sdg8_score,sdg9_score,sdg10_score,sdg11_score,sdg12_score,sdg13_score,sdg14_score,sdg15_score,sdg16_score,sdg17_score,total_score,economy,region
0,Iceland,1,98.86731321652553,71.28767072695707,91.82631982200718,69.44088588388941,66.46292107979652,66.3833862819043,99.75,78.40974467666089,50.38272085540359,95.0283297401407,68.24717437770245,60.12667414469667,73.80127609767634,52.75932699770959,64.957813279305,93.97307303437675,49.5451433491181,73.62937835347999,HI,nor_eu
1,Czech Republic,2,98.20710707254837,69.7371384085165,82.0190068371048,65.03199785017485,51.78662524441315,77.22381766251236,75.42317388700486,72.217957441494,49.38416296978987,91.97578542618434,89.95117657670687,82.57264317116801,70.94379960362004,62.182255844405915,95.22437227053601,82.78655052411808,36.86812120440462,72.5123852730578,HI,east_eu
2,Denmark,3,97.74584357749363,78.95152606825677,89.60658608506026,72.46800546253397,70.85718646666967,81.57003431575971,82.98438947794301,71.65871184351582,66.50579430801272,95.75542085736983,71.33596777584631,66.79552067355755,94.37303114324223,62.62908351934624,96.2614497634042,94.53731629393963,56.23489126434966,79.09310934540245,HI,nor_eu
3,Finland,4,96.53322992064203,67.90168543505563,89.86852768179449,82.12268226912741,62.97276298886931,84.28479376111535,83.49311568601435,69.14831526517328,61.03350236436522,92.29327831612393,80.06271601333579,74.17926291222209,82.52464875368479,66.41661253607643,88.70026005926272,96.00690413811674,45.66970436823194,77.84262029695792,HI,nor_eu
4,Hungary,5,91.6305450574593,74.58289036957746,77.92830239709933,54.145590884923564,52.80066967913544,74.73807137792359,75.98516407989952,65.93795524113227,43.972074998812616,85.64185309053697,78.64227184987304,83.69588749195123,73.22333761707542,68.18528243781255,91.01354314753448,78.47419628040419,33.67459435578166,69.440597911859,HI,east_eu
5,France,6,91.61022055652238,78.69080726359817,86.40277652702453,68.72597526976394,60.016009903056265,78.14867158371383,76.95316637006056,60.5610606030512,54.37326717110659,88.01868030826567,86.42534826195575,75.74269832971045,74.96694811925785,73.21592378412798,85.02011484207881,83.94222423609378,43.49631715097538,74.03077487513984,HI,wes_eu
6,Netherlands,7,91.10788726965178,75.90228214506136,89.32173947211064,76.9752710497766,60.081073100443724,82.35195507931594,74.86379607275087,75.76246025023408,56.83024753860525,93.04664452814076,85.47747410183719,74.54432492911576,86.8893322888401,55.92771132297503,92.73373477281113,91.03247589293612,43.55988081038583,76.80796161800322,HI,wes_eu
7,Norway,8,90.78068024295465,67.60720505916213,93.11052666983724,75.37637832970853,70.20812215220336,70.27975053810486,87.75803200056262,72.74253286893631,53.81322575362801,95.67573165429015,82.3810354141246,64.66154166248812,75.40977487201562,72.36238252739507,78.10379127882007,93.20582114632381,69.76200285500006,77.06860607767067,HI,nor_eu
8,Slovenia,9,90.60265793748977,70.74960388341326,85.48863291681191,75.37539743612581,62.17827196460269,77.42636194039078,77.45156003751269,72.58903538545782,47.94339683803461,90.1906779661017,83.04039014285026,83.60511526464889,77.78915089520572,56.22803896103433,89.62938608790333,88.211916915995,46.36671607926561,74.58717173807432,HI,sou_eu
9,Slovak Republic,10,89.96519936590205,70.48457994213895,82.19963163934919,52.434627250291136,51.78862925006651,71.57429496667304,74.89337485771769,63.443551110876406,40.55498458255905,92.45862326062029,83.85393678025667,81.95410194119015,76.78882463974068,67.30427467387896,91.04589223513398,81.42967665535039,38.38770140891742,69.73196217590153,HI,east_eu
10,Ireland,11,89.27964752550433,82.03866664981896,89.22151113799207,81.33070737323126,53.42979022909581,74.76019983864738,76.16498248852615,69.79809875445353,48.82567589037963,81.84859204573911,82.28423141546124,71.23447449482434,76.44645584413088,65.68090698043363,93.86031610999919,91.12474366262977,47.15308541493939,75.33149885551097,HI,nor_eu
11,Switzerland,12,89.10039678089144,73.09358414709088,90.07369435657495,73.66546295066667,61.016997153706086,81.71729084286822,79.9992383833364,73.69524405978255,69.50586360895295,74.17917255902272,89.08940870215442,70.589750731704,79.68956053044386,56.18022462712442,76.25942606816342,91.7605441387675,35.584754918337715,75.49720939139364,HI,wes_eu
12,Sweden,13,88.18473364498762,75.02095838383654,93.07829653448793,76.24923553898037,73.47658865056572,82.1696589168291,85.10293634443133,72.27046358051533,67.23638216267214,85.8021786751804,79.57888139237738,77.45323136460716,86.53600123498458,58.62121000770513,83.28049020106606,91.26080834658966,59.87598424274612,79.1562212167277,HI,nor_eu
13,Austria,14,87.99082762133897,77.18811337845258,85.25382860090465,70.04731422342789,56.4397407902021,81.49525405458735,81.8172230276345,70.05763746496542,55.07083135160443,86.43450446500891,88.04901794394887,75.73042114799257,78.89802362824598,62.79690016664542,82.57549659579774,93.14252512222433,41.23522174440605,74.81689598235282,HI,wes_eu
14,Poland,15,87.78624955735889,67.58358422844586,79.8318391425579,77.01347206008205,58.78933001147015,77.64194828385446,74.81074871351021,67.41641572545043,50.213153774609694,76.33871758139661,81.21209915371573,85.82697291340439,73.65555239153018,59.55862702422976,94.49339574573453,82.4179453217682,37.82893119676323,72.17361139084034,HI,east_eu
15,Malta,16,87.60634649669824,67.4340793693636,84.76208816776689,70.63225220255477,49.71964090133853,79.48215077498159,78.43129699541988,70.87519891847587,41.834457167080195,84.02889846575984,85.07595535981885,73.81614625560715,74.807411903748,63.362214927007656,93.22178918199468,82.68103320029039,39.20738893668819,71.5311569671832,HI,sou_eu
16,Belgium,17,86.02151087910302,77.15028866217261,86.14180492532986,69.40539703398798,65.70962011800938,78.78086029546766,75.5939279423647,65.17850917814295,57.19541396168281,90.43726698211714,78.08090302085542,78.90234634927053,70.83266386841049,56.32055739877533,92.55789363481937,88.72979182608353,49.137953061658436,74.64095720656155,HI,wes_eu
17,Germany,18,85.53093682597677,78.00005179002886,86.09774828795229,69.12159828985219,57.51524283143866,82.20457277726167,77.33158459710539,73.76640885324981,57.573634153616055,82.88384502407295,86.74960318731112,77.7108395417625,77.35016539036552,58.65571858626136,89.30828846359901,88.37038686397894,46.235423134822206,75.09597966742994,HI,wes_eu
18,Croatia,19,85.03766015719104,71.36198651983055,79.7290012230142,59.47942423064832,55.818939842537134,74.01521840821358,74.73351331653663,65.54594105103908,42.14847826902586,79.50711910027032,75.24468688670922,82.92642830826075,76.12198890333015,81.50076443771037,88.38464516844002,79.81152444572825,38.12567106651041,70.14575508761047,UMI,sou_eu
19,Portugal,20,84.3600255575684,59.54236961457612,85.73511522277738,72.17035855518508,57.983971090828256,72.44760829378086,80.60640800136247,67.2468321853775,51.288672010401704,72.86507894860999,78.30861518391322,76.10032216363513,74.09838999902529,64.1532412509749,81.31819889903184,87.4440765096426,39.9440356929238,71.25399616127565,HI,sou_eu
20,New Zealand,21,84.35175821163612,70.29809191290171,90.57251209625746,74.47827758591261,62.631061221400266,78.79796951655382,85.66287427449991,72.61057965914722,52.015300250617784,72.85529007681792,77.428833607249,70.0116363540227,69.34883011191575,67.3682485846551,61.21320099885846,90.33911212910714,44.670151134258994,73.1716583964809,HI,oceania
21,Singapore,22,82.61244571237857,70.60785545497353,88.57832820668254,75.84870836708927,52.42779929778303,80.19317548413099,77.32238473283813,67.75768885525248,60.437835086593815,76.31913075368125,88.49091419956177,65.83958387402099,71.07042187017271,38.052042770984414,63.325252574484054,90.98654720999205,32.824970723645926,71.13286025420861,HI,southeast_as
22,Qatar,23,82.57704214566675,64.26891437655678,80.43496062204905,60.641107708910646,52.209650771425544,74.12240653587598,76.02566455387026,59.84288922140395,43.67727143713448,68.329059445871,61.58856737619974,81.74157010308909,27.214552361216263,70.49355220970105,68.00269939905203,83.16639855691652,44.224972102899265,65.81351584915066,HI,west_as
23,Cyprus,24,82.50039678089142,61.715027650094996,83.65390714604538,70.37872341778383,52.74642475540055,72.67910023427989,77.79817045665625,68.51025194380772,45.562570784757156,75.68656393934734,80.41462628207648,76.67091904918105,74.74914050721058,67.43257205658765,88.33112504673485,84.2714925891249,34.300103644368455,70.28420522058599,HI,west_as
24,China,25,82.42143388145585,72.63566805076509,76.52230694264074,65.32274616804608,46.805207058177494,64.80556100306323,63.72666127446776,64.6250018226918,47.5421253057796,69.5430906443603,75.65303150498029,89.82227640135842,74.48602040001754,54.14970456774686,65.71974823435187,74.33297833659772,30.7644441576405,66.04840751751398,UMI,east_as
25,Albania,26,81.89319395718535,57.43175485826028,75.21155788538812,63.78667154089554,67.46649840465777,65.69689524632399,71.31131949574655,53.50796195587632,30.85214866328489,74.30627393550687,73.05889133657692,86.99342248205815,77.74749803393776,58.8027451459739,89.46722464336256,73.9831372935947,43.53699996085546,66.01034588838421,UMI,sou_eu
26,United Kingdom,27,81.5660300744599,73.80342792055737,87.6886296317678,80.55411018165411,55.91862273771471,83.17856383523245,76.62970836119271,69.12497849297061,63.02719153204457,68.07371939947032,79.88894688717252,74.79705226449224,74.61963023669456,69.49258755660426,86.01324795812732,87.78020934379137,32.81505835708018,74.48692923425843,HI,nor_eu
27,Malaysia,28,81.53491495414009,61.694128574492765,75.43616049465192,59.215790559538796,52.35120054106752,66.01726410615504,76.06336433748397,62.624162012516074,41.74772033830903,67.16995797160956,80.44975895731258,84.17950314303887,72.37254391079863,60.62047204638391,61.56805014000556,78.68184627848517,40.74921940027487,65.58053423474762,UMI,southeast_as
29,Ukraine,30,81.39375747347388,62.975001314955236,69.72019153371018,58.74423560112277,52.83105707842702,61.45470081271928,75.05806749809302,55.03024493606524,30.742975240570797,78.60968422776514,71.31912950360534,86.98733298715628,75.30279631806816,57.18631686577779,66.54250075931057,71.20276260094265,44.351004290346765,63.10169113888271,LMI,east_eu
30,Kuwait,31,81.21986883602176,65.45060462193265,77.55699100994974,58.00911424917225,51.879909597549535,72.15075175385996,77.0351423239761,54.60527303856561,38.601787396953625,68.12987388962964,65.14960272224947,70.44391607967583,61.46422530468163,61.07023478916858,70.18571473244684,80.1899843173431,44.20242256003062,64.58513093175898,HI,west_as
31,Romania,32,81.08349305969257,67.20351514777485,74.83332980436218,63.8622973019352,57.90093458679416,69.12461235393238,74.7511381923232,66.49053747026393,38.13973655996408,65.49235636724872,80.14897396987047,84.95982686858635,76.29499738061727,68.61278355088278,86.73171986575399,80.37059841521146,34.386689761289844,68.0229347004187,UMI,east_eu
32,Belarus,33,81.07918372488166,64.87550463404939,77.5026170251042,64.15546457542322,58.23430056219348,66.33934805246885,75.71795606760409,62.35384288765202,34.416684809031,77.49668477426009,78.0031342795672,89.44837254281217,74.09868967339217,58.0293534740635,79.81066328408188,73.92262377627603,45.2268098233805,67.2880033603157,UMI,east_eu
33,United Arab Emirates,34,81.06315317849938,74.12970396110569,80.42373192993138,74.04284446241451,64.26390618517345,88.13675112312248,77.36079361316455,64.16992212030829,53.901446159963506,77.47315607168635,79.07487981575073,78.20284275580762,62.9282227395519,76.02378046233295,78.76758949884172,86.04010790101016,41.99351617268052,73.0467505438832,HI,west_as
34,Brunei Darussalam,35,80.90934577635919,55.880051211175186,80.82546430953134,68.02932316108189,50.16733060302909,67.01785736233835,76.91057559134921,58.53095241047517,42.566313419905526,72.93446306247795,80.26563556666483,75.59561042789342,54.2870163794377,68.32329801429864,75.74710633757395,75.61031545755824,43.574508893257295,66.21573488612547,HI,southeast_as
35,Luxembourg,36,80.8392517667211,72.3619563003752,91.57144208222073,63.75472880048989,61.53593277469167,76.4695871016772,51.833064423187736,66.5152495744339,44.27879056360624,78.29842351838904,73.09257076745956,58.54514494026175,57.79583548982996,55.818855984835956,80.84290104843606,92.12900612389092,51.8322512516692,69.79941176976274,HI,wes_eu
36,Canada,37,80.82535195299445,69.79937633742402,86.46373126360233,87.81508957078478,58.48943895515811,73.80897410216825,78.31336122722458,68.97927936933226,58.06810423242806,78.5444141412753,80.67844607056242,72.95382421702948,65.49835324973037,68.10063472601549,67.19941850679304,89.83731318076394,47.44301303987729,73.70337885620923,HI,north_am
37,Bulgaria,38,80.20611110920481,66.8232089347468,73.36211954282163,59.9326066710342,59.03024343620141,66.90770157006763,75.60843249811202,66.33224297494117,37.28996263566433,69.4867759263188,78.11173441272845,85.19035047802433,74.47659640660514,74.48812502687557,97.1277727874563,76.82480203146072,35.96636220718613,67.86655198132968,UMI,east_eu
38,Australia,39,79.93534786456163,65.99989066612761,92.39357049991882,75.70194727164123,56.93784590620468,76.9052029825394,74.80817609889131,70.029431771204,63.830179480570806,64.6776500189629,75.45388702749393,69.31164568305607,54.8659868873753,66.29638110432512,71.02516502015848,88.23736849511292,48.804472494288326,72.61389224310807,HI,oceania
40,Dominican Republic,41,79.75634882613949,61.02576615731949,67.79358022705554,60.06531351225678,53.08202360536698,60.5831288125771,74.07597786722665,61.15739319768297,30.936018233135634,58.442426305827645,79.06023105572086,89.00698074278671,75.83489330946283,78.80377522589092,83.66093030767465,67.39504947836353,39.64483389347338,64.08574309742048,UMI,lat_cab
41,Bahrain,42,79.54162394395773,67.3047157561416,83.19359153261577,56.90693051773576,49.35484260040965,77.5965084444299,77.55403011807681,57.90895700630255,35.16216300896652,68.55772949849931,64.26918920413327,78.56322449780929,68.85458859857496,68.43786230428478,69.15931718308572,76.1670371626376,38.12379135661291,65.85747790941535,HI,west_as
42,Bosnia and Herzegovina,43,78.93071509766393,64.78239386478019,75.34521074679921,60.54615666271455,55.277650472006975,60.0054650666343,66.86808803773933,48.62285955500305,31.54509257206795,72.53753934575244,72.30341304376944,85.04975614611597,75.01166428188444,56.68135813408291,73.72737841344156,75.96286668261594,45.25137235708623,63.93692065511769,UMI,sou_eu
43,Greece,44,78.40767327402116,68.34753402671122,83.18404353603837,61.457850941936385,57.12871239406437,78.67017147815444,75.53568753535176,48.128430748386954,45.88807768724055,73.10613305974323,61.2995457208494,72.47425849651147,78.39282246088467,72.69291009935478,88.53127344451802,79.45858642231956,40.64026987035399,68.4389300858537,HI,sou_eu
45,Azerbaijan,46,77.81612903225808,65.50261447826543,72.94040594921562,53.026767854072645,61.83883995881831,58.41225042410258,75.93310749583122,47.60048289056395,29.01754565435804,62.787863500911406,80.00750054301187,86.04506440366185,74.14164372315898,56.91730913958386,69.03278440716409,75.45603838956825,42.207888003873215,62.994281879718415,UMI,west_as
46,Russian Federation,47,77.80208797279631,66.71114278707856,75.06152886011358,54.630886848621266,50.6981761275108,59.18590943029668,76.44871942549213,58.13427319011056,39.36764476686833,58.35741881734492,78.38208578441962,83.20784612100957,69.45649651885061,54.90125321710353,69.24670922179894,66.78081117477028,42.74575691446139,63.141998182370614,UMI,east_eu
47,Lebanon,48,77.78681847418655,56.42554821942343,75.98076221132443,48.534299581055635,41.034262795142965,62.312908869758395,75.83968898112833,49.09065730376127,32.49997343985656,64.83420868746829,72.50593377622423,83.01031659259569,75.12552656812882,54.68340181802428,65.28210885780757,73.25016219482106,29.192619646152625,60.44401742513385,UMI,west_as
48,Montenegro,49,77.78392242889511,59.96701242094141,74.88349699610954,55.151875898264194,57.58664854658957,59.76044192674613,69.87644711809263,53.44353129279206,31.363023050290202,61.255994929053834,73.13764902517235,79.69611992411842,74.0580715724804,46.481034812498464,64.7909094452348,77.74260767748427,43.53981627900527,62.11761308478745,UMI,sou_eu
49,Kazakhstan,50,77.77339163429879,62.869450653682904,74.63476499492411,55.137202673257036,54.19369051418192,63.304763531834155,74.47146654089842,55.10539902673481,30.478644737595157,60.281544840217215,78.9871657024466,82.42049279151607,66.94190716104754,61.535180910426185,62.37504965316712,75.0346283042473,39.633303475471884,62.745355174351985,UMI,cent_as
50,Moldova,51,77.68440657351478,67.50388485099509,72.9884549706474,52.01033264930013,56.88218552727856,55.647082486870616,74.80670229549754,53.07864561436103,25.956450321904953,68.78568637821677,77.13232689999458,85.37409582066729,76.16613934952086,60.13929001275574,66.01569844051247,73.56806602337943,45.12534699298242,62.77566381583603,LMI,east_eu
51,Mauritius,52,77.34399994340535,62.68370269726302,75.48915191709361,53.50470350996626,54.36480429789908,56.84690676915113,74.79410010703553,57.34857532060971,27.742476275141314,53.12429151822829,81.88040861179739,78.80135753345826,73.75864576505562,57.89751092845322,41.17290948092464,80.06495779907985,29.513918586742307,60.935409898482064,UMI,east_af
52,Algeria,53,77.00087232058307,62.65576038394504,73.47687676948892,53.504545665371815,41.51041285555237,62.781759742732866,74.67198858864587,47.222418518104405,28.92628446036768,68.67255107129252,67.82321194151943,87.16531497602294,74.6694753295604,52.66688051300457,71.7064103171057,74.79449907251202,45.55687888115323,61.848814444850866,UMI,north_af
53,Thailand,54,76.96100586416682,63.40951247908558,75.0237665423311,57.96278830288676,46.89615548769088,60.68086374661883,70.49896233230963,61.823509777946065,35.39909792701857,60.24958068476187,77.64121428430313,84.47458151318753,74.38599188868389,67.80589906944354,74.82382715032777,74.40621669141362,41.64067953707317,64.40485443501173,UMI,southeast_as
55,Serbia,56,76.76759119141045,66.26971383267126,78.58511063655101,59.69448010391305,61.16837389561088,56.87262217407092,71.03266503604394,53.28635447154452,34.19953389101413,66.11775215194235,73.72218232797617,84.68719979343406,73.88100641628563,52.01639363480895,69.64602636206773,77.20819893861753,45.03882672483072,64.62351709264186,UMI,sou_eu
56,Argentina,57,76.5123343558108,68.54324617713576,77.71508946140105,54.646476659389485,53.981760383493885,60.46575823544265,76.66378125983988,48.03330025069368,32.085367318910436,56.160777091662375,80.61662602616816,83.21359316888432,73.89833968892046,56.313344969594255,67.69543274286201,73.23322926130581,45.50985310874861,63.496299314400375,UMI,lat_cab
57,Oman,58,76.46650497651596,64.6475848981252,79.1709392827969,53.76541394950266,47.98198494215927,58.639796762987636,75.20547835525421,55.734252384893054,34.374316629309405,56.072250778507055,75.69327630101719,80.22800899558787,67.50968052619778,72.86852116450427,61.31215704328755,79.73665379149993,42.4397798299641,63.7638641820394,HI,west_as
58,Vietnam,59,76.31365275020734,65.71746751171189,70.98108837851022,55.09647224888133,54.99830758750276,57.1535938222254,69.07177281792049,53.565360307778974,32.15438434749889,65.28757572032532,74.03511690775944,89.5740752758218,75.797650622694,62.059259210946564,61.7453095318303,68.94899297227758,41.96433512579999,62.25042752837377,LMI,southeast_as
60,Samoa,61,76.29794101350427,59.294249532930515,68.05207353298904,55.434206535947425,50.67347820802137,59.46182159703956,59.58269982857691,52.33003774671373,22.142918283519094,58.97346946672807,76.49791224483405,80.63944197777029,75.93972832997655,66.13244759021771,69.44279006943046,72.20453204504564,44.890345377606856,60.40746616614548,UMI,lat_cab
62,"Iran, Islamic Rep.",63,76.25871388041044,63.453890286804146,76.53637086029073,54.5547246358804,39.4216543917234,58.71919453066615,75.98632667854318,59.79323457893923,34.665554837542786,60.2386029718956,69.69173842235453,85.29025192391985,71.92459039099704,78.03509611986159,70.79110786697534,68.96582760173106,43.25003473708552,63.41147865315811,UMI,south_as
63,Uruguay,64,76.22984324720201,66.01250868704284,80.81094074751357,56.79438436514725,50.708782490366076,60.364294527074954,79.31732499455059,54.04381198854512,30.394197438449623,56.874643888833496,77.88908818446123,75.23769139031701,74.49136863012114,63.65194319257823,58.69405083466362,77.91318608941181,45.42193445179486,63.81135452797317,HI,lat_cab
64,Morocco,65,76.15586281274325,62.858068960516405,73.30533033087289,51.71114423225192,39.87956445274002,56.97891107873774,75.55983115649828,46.77787392091876,29.79671343607393,61.87617460423714,70.3838269348656,88.60724142281774,75.9185512622383,63.139571563222304,82.34109584140717,75.81250192827733,43.45489820357782,62.27733355127631,LMI,north_af
65,Barbados,66,76.0242821099336,58.04544008071024,79.79068648126588,58.28738931267708,54.73632112659889,59.64453373351455,81.43895305662703,53.410637820965505,28.62317589942262,58.79104156649942,71.73169979277493,69.83461274374277,73.91851753939635,54.90161895232775,61.442185874482846,78.18880954954201,43.51033679022513,62.424711408096215,HI,lat_cab
66,Paraguay,67,75.80466741581641,70.99591746783061,71.07804576168495,50.67485583309833,48.45280588380778,58.76104332883192,69.78279423372062,53.16226066468466,26.39642192699666,52.979775615222856,77.03844540911876,83.10534369629679,75.70759873950071,71.12426058971445,65.80745193491298,63.0312088431191,41.94047655774769,60.99374981451573,UMI,lat_cab
67,Syrian Arab Republic,68,75.69593212463026,53.227726315235714,62.962851354961565,44.4098646929638,39.37424677305609,66.00049500579279,73.97647554769944,47.13821064474171,21.29750728341299,56.33089295462878,52.994663314286875,85.96536712036921,75.32085932011348,51.40354753870109,58.3970188174291,63.02967557894946,42.951655284567806,55.69365989073463,LMI,west_as
68,Libya,69,75.63736444559015,56.316227318715754,73.03345349615006,53.30546065385243,53.335070051611616,66.8056979609755,65.68611314019856,53.42665701776376,20.855494147771658,60.509632225417796,64.41360868364195,83.45559751589019,72.21474939237548,52.26548268972461,64.99426887529128,66.86359541905652,42.49112259312489,59.69256531210737,UMI,north_af
70,Costa Rica,71,75.40976613040344,60.858669162958336,81.68046117127015,55.661383998088006,52.838845142296435,61.25161132866782,76.84326525063422,52.52510269565517,33.00914420968975,51.55907707672011,82.0716078792132,83.41935186260103,75.39750983574375,75.73417537189219,61.18655419322074,79.71836710311854,47.49695268827313,65.11722397672548,UMI,lat_cab
71,Fiji,72,75.39062507207737,57.33476236329153,69.4201854542099,55.623956412849985,48.943290706965875,58.58079281582703,61.04974126292451,53.96673276165711,28.600928228588764,51.39588131828333,81.83303665210349,85.33462992046948,75.63355488086529,63.083487184969684,50.65326165400488,77.77667459034082,42.143935143702535,60.56655607647874,UMI,oceania
72,Panama,73,75.31147980886892,58.870099109821815,76.71563667277474,51.00534526699258,50.85832238592163,60.02146925652674,74.80551548742856,53.871206286238326,28.851975865973543,51.293481478439496,84.42067708202626,83.77550200339839,74.8981704591651,67.23262148840901,64.56698336144231,72.92790744383645,30.401896144361995,61.80568758067358,UMI,lat_cab
73,Italy,74,75.17677729049392,72.16683787234079,88.78437814674237,66.55960470629655,57.41179626290748,76.21909893249726,78.40968301251313,52.93563058011032,52.288716926319736,74.42967221118856,69.55760560245189,80.18831845474857,78.17272844116569,56.184034874090024,87.99439036313694,82.324238712553,41.006364014253215,70.8471730831266,HI,sou_eu
76,Sri Lanka,77,74.91059711950294,58.292971742707806,76.06381075382302,55.212560144764915,40.66755719967309,58.104445381854354,57.82688767576983,57.140539275064725,26.35657579315606,52.23572516603489,71.8381049174627,87.5875286472666,76.03396068427874,66.95101445769785,61.881521562158284,73.9751218992885,39.4877489054776,60.9347131525463,LMI,south_as
77,El Salvador,78,74.76422552391962,59.24504133739822,74.5407326118473,50.04672116793262,49.36654934617773,57.9089619574416,73.7040541661652,49.686554132151024,22.085813807023573,58.06012895973375,82.04448814891138,86.62868750760306,75.96991185918415,52.83453337747519,74.39567878808171,63.13433249114445,43.80807570402741,60.3948056510399,LMI,lat_cab
78,Maldives,79,74.62864269515372,55.26150081372614,80.93627750481672,55.83306705955603,47.72664971288882,59.992330418945635,75.43566029725999,54.639928952947216,27.20791995776017,45.90179958859691,81.37777089655917,80.4418675935376,74.83729905397415,63.80490710208426,63.64428126082565,73.87160287560242,46.16908717649236,62.47989127782823,UMI,south_as
79,Tunisia,80,74.5470432383832,61.3178637518752,73.1396280151866,53.91500590013074,42.51608750128847,64.68418269118546,76.93017554744914,42.073771090483945,30.06673886930696,60.70105432120846,64.60885903326393,85.77319223189299,76.82680693306433,66.70572889465042,73.27838978990671,76.47052272367908,46.502008720431185,62.23891034954182,LMI,north_af
81,"Egypt, Arab Rep.",82,74.27682079426138,60.07740388251715,68.95253577616744,51.9278982954075,38.1561860031774,66.35205420791307,76.66611446455252,48.05108443726043,30.783075725131617,53.74447119341159,63.478461179281126,87.30364660227242,75.7173121244979,68.59391367581581,70.70851223009011,77.74354341857239,40.875162978942534,61.28027999644455,LMI,north_af
82,Bhutan,83,74.13386118841167,59.74225144791146,67.14090368964942,50.955565309438335,39.99670042630883,55.14914425415874,64.8690950461985,53.17203194573023,24.25640675098331,60.16428050749281,77.73936705350984,86.66294189563924,76.17688027722001,59.59930782342501,69.61301837710053,81.08942674524272,43.21897528303277,60.32842622423329,LMI,south_as
83,Jordan,84,73.5694788556758,61.78373759050924,73.72476628817408,53.18383128650317,42.843257251867584,62.01181476538368,76.71262398410934,44.59644950081032,34.61350787286885,60.11580024883684,73.02068819724344,87.20361527646483,75.93194768288609,57.50952676536208,61.280266593850776,78.36426727016021,42.38420123251483,61.974141610352554,LMI,west_as
84,Cambodia,85,73.42426252785704,59.69386390902348,63.763049881225335,48.64473747028813,51.47956833602956,49.56015628329529,53.28521591990854,53.97892032017041,23.181789780726092,65.43126581817073,74.67324242492732,90.0215573817859,76.58153709396107,51.15302342667999,60.10350210911154,66.01146175380023,38.90273714387771,57.41950961106171,LMI,southeast_as
85,Spain,86,73.13693895263549,64.65140183769134,87.5674766164942,74.16760575200101,58.948825993225164,82.2806038018736,77.667469828129,55.380119815853895,46.63747428104329,74.81250470454955,74.56393858149788,76.67981185954909,75.2544148047059,68.68041018782785,74.15896044589802,84.59854131918003,42.07933988274577,70.84495442584357,HI,sou_eu
86,Tajikistan,87,73.12493490285708,59.97253542925298,68.0492264899766,55.2313328129371,50.94737461220772,56.55529579295694,73.09638512156636,50.11438411068063,19.075792148772486,65.52705921673432,76.04552804179846,87.38688302988523,76.4541469057382,61.364263632917485,70.81264979513088,74.84402063071784,40.983382359424034,60.77036154582118,LMI,cent_as
87,Colombia,88,72.4177194142496,62.1148856577184,76.8861038961281,51.9857090578946,48.16402381624601,62.05650140633037,75.23797118268017,49.03083226952229,30.190514308302546,49.10262038887718,75.34284443194612,86.50738398281997,74.72007059730686,81.11595515137485,66.0986966922396,67.97804603141151,43.48291538930494,62.5822357000581,UMI,lat_cab
88,Iraq,89,72.27544773432277,53.22318457612824,65.7901567972778,48.218503334001255,40.91336443916333,62.108677936273,76.05705644272153,44.64954769541719,27.1824966080244,60.19235788293387,62.59459202252806,86.62507473024395,73.99565429735715,53.89408780976275,53.87475614812563,71.045003961755,43.47063005815924,57.60147111780198,UMI,west_as
89,Trinidad and Tobago,90,72.26789452266634,56.001266674702364,75.40833535064353,56.7372907326866,56.40726136255654,58.671124916092495,76.92104105666311,56.40257801771242,26.73923578588865,50.8837728144612,75.62597285776204,79.16571824893128,54.832852046897244,65.58445528377042,68.51102882863947,70.42122290972038,41.391948274651256,61.137031288745426,HI,lat_cab
90,Cuba,91,72.20174581872052,62.69099811090261,80.70882919836428,58.20955275316219,53.77902848071553,58.46674584125795,72.71773944906704,54.480206401086036,25.304117209796765,54.250210932229216,60.46234676780336,85.25856922157797,74.89733766061565,69.83132299786607,61.29660754510665,70.19559297731173,54.01993159573823,63.051285379197836,UMI,lat_cab
91,Myanmar,92,72.0858135830444,61.20725561996209,57.840454642659466,49.04223345187911,46.838474933533924,51.16989231773318,48.436192046744424,53.897561965618074,21.91151908251299,62.66894755786692,67.45205146554753,90.35904722384292,76.48783933853848,58.364291710222304,62.94252204442243,72.09641234476582,36.68038031074279,56.76732882181474,LMI,southeast_as
92,Kyrgyz Republic,93,72.01594917759918,65.21843187188651,70.76794140110134,53.662673260477426,50.765478941165185,57.38717739790286,73.21389906526775,49.779969849528875,24.26680804591723,67.58579148069168,78.99438543220379,88.09886734468496,75.81206644217453,63.0665151723602,72.23048540839333,70.39792621079975,44.68292515260947,61.96428263412678,LMI,cent_as
93,Nicaragua,94,71.89293021021953,57.04595041014499,74.41123218875417,50.1772854714192,53.98590937507435,52.24113183173973,61.766668975701045,47.232463355102595,20.87008652368282,56.6215763709597,76.2521488761013,88.51830586368399,76.33710431672016,73.62121659473789,79.37307219941056,66.77011371907763,43.36487374103385,60.665339777444146,LMI,lat_cab
94,Ecuador,95,71.73242739863845,58.85113207992528,75.93462010866799,57.458897298392635,53.16325321058986,56.70970353088598,76.90528636219462,51.842011429702495,29.687249984715116,54.88211704068495,81.9643282592221,85.42944046522435,75.72289785213253,80.99006347124774,68.84882614545172,70.61072544211795,43.590423142030055,63.49946294738274,UMI,lat_cab
95,Saudi Arabia,96,71.63478954437255,61.124585257720945,78.15052588906975,62.680461378676824,44.999594760812954,65.82900679639957,75.22730718001415,54.838831543012475,39.92867040103452,52.83364021882951,62.82384203045848,78.86987854048394,66.06318521027676,66.0932212227899,62.16987809673295,78.97727750651532,42.385781745037136,63.54260705868465,HI,west_as
97,Peru,98,71.41950166060387,63.965296068070955,76.27772000679943,56.179167723788446,53.9249963785667,61.060342971375825,70.39084562738988,50.385973697038196,27.951909859429595,53.384420603333524,69.8994388665821,85.43887936472451,76.74941016953274,83.73436232814008,63.56094898604374,68.37096302022684,41.62961905201437,62.74378644080824,UMI,lat_cab
99,Mongolia,100,71.2422829623839,57.43273910636557,65.62495469498938,59.561372060354216,53.75567071619398,50.30263950203454,57.18771987655048,61.23167623073947,24.102927560201604,55.34824067062095,52.29588346888828,80.85101761863693,67.15930767918788,65.16111900738781,75.50272052722912,70.4678962097158,43.138770589940044,58.97681864664251,LMI,east_as
100,Estonia,101,71.19586100484828,65.98520093418443,79.20064572479781,88.43352094901654,53.035294202095805,78.04889770899855,76.85337979043041,72.28925712083274,47.79570089572816,59.18189811960978,88.32110029590064,78.32534168763576,69.00183257981912,85.02749240677937,96.916691224355,88.27499258716698,40.61433405688478,73.25382076381833,HI,nor_eu
101,Jamaica,102,71.16682330391573,59.010828798922375,76.3468291085459,53.675566961607224,51.25894807106084,56.41529201592102,74.97942835354823,54.866403232144,28.979132963634193,52.21806959442486,82.48191320530967,83.56806269277023,75.32918528527493,51.93673303061028,60.246101758617996,71.26197657428716,44.96319355574379,61.421897932886736,UMI,lat_cab
102,Japan,103,71.13904874058375,71.2012930750985,90.59729986507003,89.89742626021537,43.174735506695164,80.49961917880299,75.00920070391004,72.8298815656518,68.10111367042087,68.64246611657732,79.11098260333429,80.91469638174054,71.270946423699,62.90990842258228,77.51905595536091,90.84704295129623,43.945024663778156,75.23798797910672,HI,east_as
103,Bolivia,104,71.07467864315582,63.40840034646102,69.99931074257675,57.718731032839074,61.24142461876863,53.57012994123033,64.64295336740058,54.19685946158933,24.25868321797703,57.68297824738543,78.31360844043476,86.87153653897155,75.6922282217331,74.53310759407975,73.39048822370813,62.67111803338561,43.40259249108101,61.73871818559032,LMI,lat_cab
104,Mauritania,105,70.5645606086163,52.54618194541459,50.85665394567785,40.582632981172964,48.63306646878342,46.15883222798974,48.245595267218036,46.25764141844814,20.873700013987314,67.77655247265885,56.79509059388735,88.18739987971885,76.43662795615373,75.6107325451106,67.71293787681061,58.56603780136872,38.96664233843019,53.38424884935037,LMI,west_af
105,Armenia,106,70.28398372521669,65.58016890676305,74.4768237267239,57.31168822216504,57.93456265193206,61.09889628162976,77.47500020940082,48.57880611224213,27.097562789799298,49.61302383420546,71.15318704155504,88.1032013365002,76.03217505583434,58.24535077618073,64.7315870543674,80.06642558320196,40.77779035251691,62.85386569087582,LMI,west_as
106,Guyana,107,70.21269372109357,62.99072396844572,62.81900706756104,59.85315803738173,56.2446956945171,52.3157930286818,69.92270422193457,37.79658664004884,23.23948916873544,53.98818351756372,81.24160662564722,41.8544857938481,52.307997370188,44.658715733509574,53.14461976419358,69.00206976436445,43.77150586900473,54.30061188821975,UMI,lat_cab
107,Pakistan,108,70.19517509900531,49.90215476148201,54.48503420856675,40.89837632207454,40.946585502607924,53.450156390817135,54.83907260229812,49.86827397527991,22.68658944913817,59.15927562773506,55.12110942403761,89.32535057130569,76.40309444707145,61.66286450861177,69.99376861913842,62.92754500895883,38.68807986960131,53.92694045464044,LMI,south_as
109,Brazil,110,69.74011785684814,69.27132603236105,76.37333549534476,53.53847666379093,47.93950272806251,65.2048021003347,76.74528894662315,48.14950149777029,37.13461465049583,48.9820532952081,73.39514193838926,82.52713115624603,76.81180961974222,73.61313065507166,65.07296701601584,67.16114036105508,45.55542514647266,63.21274614611742,UMI,lat_cab
110,Gabon,111,69.58388623407039,60.231952200169346,55.977818196890325,54.0522348033753,51.67000541814877,49.957391803334474,69.16483503418775,44.49572595681588,30.270406429084982,62.63760069794372,60.86878861915553,85.98947180452406,77.40634050530772,64.89479210205242,88.56641865734355,65.22552943962769,41.50011180486475,58.509473561297874,UMI,mid_af
113,Chile,114,69.05134731765405,67.27951720761126,80.2979207154637,55.29225207264308,47.88103545708048,74.76074716005347,79.27248888145041,55.9485042046236,26.06132019439844,34.247156050678825,68.6454117167854,79.89843772733055,71.47667792451533,75.67761951784767,65.03095256579019,79.90982587282994,45.43216697742242,64.10572442105523,HI,lat_cab
114,Philippines,115,68.7674800500897,58.18087263528529,59.5955600238294,52.43045593620465,55.85013172983912,55.54592832353654,60.929986417482525,54.32238364242812,29.949089129759763,53.36047179399717,67.39777477533498,89.26291659860776,76.14483434003282,70.62286466660407,61.74771035258974,69.69207161142603,39.22437130630254,58.94223368626456,LMI,southeast_as
115,Latvia,116,68.65490238947716,67.59720702330009,74.18513214305085,76.41456436744281,54.2573176507885,76.82400433897337,83.82626925556991,70.62062982350389,38.46297829158052,50.9228593747548,88.47128475171169,80.78142581216188,76.87101701248274,64.68195498500386,98.31393327076935,81.37380404503327,30.70324664828625,69.30847842986985,HI,nor_eu
116,"Korea, Dem. Rep.",117,68.5494142889502,56.94328100384668,64.84207525134876,51.16312996377918,46.86342653342721,56.767434560490145,39.65915409396126,67.01514758340838,16.46990294401537,61.602337613170846,71.70825804197511,88.74749317270003,74.9296352838772,58.447976264525025,58.92964970232099,64.84302371909544,41.46936313518,57.27764020615588,HI,east_as
117,Indonesia,118,68.5214144754496,56.38831176403566,63.397780940809994,53.72918978134405,47.22716226011848,53.927917792185994,65.38397072127728,54.385966433529994,29.08196876197693,53.021065873224394,64.1103492595006,87.42868713298512,75.11864973073989,62.91995657707571,58.935200090717274,75.79771540417968,38.99742677636113,58.708346140424794,LMI,southeast_as
118,India,119,68.22873577733824,49.21677637907478,59.97282700846196,51.71347535808341,35.333920955364,53.192704401349964,60.175197147944154,59.99201854967853,29.890970881496003,59.009804893769434,54.910581924262665,89.55006155940819,75.89023130872637,65.46666141333438,57.39127378763381,70.80526659859655,39.15210944268912,56.753920864322815,LMI,south_as
119,Israel,120,68.07853724211864,66.66802446982362,90.32978740460374,62.57405975685591,53.92831987401677,81.15342605956309,74.21832016961741,67.3613111926857,62.18807030459976,60.50659532625567,74.45404829492443,70.1936980817802,79.66229521704925,55.352472349543106,60.86452883514086,73.91076540768645,43.605624211899624,69.20073584074386,HI,west_as
121,Guatemala,122,67.83570895632378,53.38326249450436,69.4972520770857,48.19888610630831,47.70223916226693,54.68513046737504,61.67558728517167,52.21585224799602,23.232333632891244,49.00022054903334,79.28006731116048,88.2797981408404,76.28633443894026,61.40370517043313,58.22807154356976,64.40908591755054,38.77506796042796,57.69375830413931,LMI,lat_cab
122,Turkey,123,67.48093545298887,64.25874191154323,77.59822610617621,62.273787832943334,41.71139272890975,61.77531643790889,75.14141583891109,41.865211250292525,38.33094793606497,48.72256001695373,67.0441695576811,83.44245948493374,74.71938796032178,49.75578431489622,57.102011840485694,70.3472759322975,42.280100810369966,61.124129286008724,UMI,west_as
123,Georgia,124,67.27385943230207,59.78292658712978,71.40811429765684,59.151422753262004,52.47665427737411,64.16243303102216,72.64199379488437,51.92956886996591,28.68901607888718,49.52383687692211,79.08046116682745,86.63626482405415,75.35326271615102,68.12456475989052,70.18197597136287,82.9640956978104,42.58477646610059,63.354209248005134,LMI,west_as
125,Lithuania,126,66.68756955169833,67.44352855249068,77.78657947982602,73.9375605323075,56.45164581954231,71.91213835599329,76.21546244911069,70.3933577434224,39.937661480193654,49.28275698167628,80.6996368500086,82.71747599752379,74.97264506774674,72.843487601826,96.37483222680274,81.01606185892271,37.54298056633517,69.49843074302198,HI,nor_eu
126,"Korea, Rep.",127,66.63012469080641,75.46735155057209,87.9177934102715,90.15850207907573,35.20695709423333,81.65650132518432,73.052051615936,67.54200767286207,59.94719111590924,49.63690869784481,87.15750415991396,86.82295678509901,70.40498798120554,63.61193517924664,64.18749463192232,84.04513969414663,40.93204241763758,72.37355499315575,HI,east_as
128,United States,129,65.5245387699583,77.32792571848782,84.30871655887844,75.73935661517905,55.67683037806277,75.94857932469132,75.50358721254513,68.1295753697278,62.85470589591424,49.02642671008522,76.7673936050123,69.01462577867879,64.78401669086044,69.75688992191392,69.54341897263183,75.28225114641268,27.674378249615255,69.37795250114888,HI,north_am
129,Bangladesh,130,65.16551834444661,56.59965555077175,61.69786421671097,51.99443359148563,42.23325558689216,52.13210648485191,53.514006694483456,55.22231417450336,20.821673935493713,62.760611930630375,57.698442870181616,90.52440864086563,76.59472421797774,66.83370288057264,64.73532528022238,65.87827346032716,36.73189830097791,56.58745063425591,LMI,south_as
130,Ghana,131,65.01689075999504,63.854474575679426,55.99390803729928,53.63279929560993,53.60375712105963,44.52837873305606,51.71148133612515,56.729369385676875,30.790385394678687,58.5457356702945,60.48963396307314,92.05288160761634,77.46085860195676,69.6576560272342,77.65009366313474,73.0270369730718,34.70913229851302,58.727139333112206,LMI,west_af
131,Uzbekistan,132,64.95518499352427,62.22894440955613,74.22562238913058,54.59120389357017,50.990720596027444,60.985951479105566,75.02715228288676,51.387983506178735,25.536287583889496,57.67778117063938,80.14078006621735,87.35134711217687,74.92901522948621,60.22114692419247,64.29063957654924,74.62063969678402,43.220501825636724,62.03884906817321,LMI,cent_as
132,Belize,133,64.62560705450456,62.786180992468786,70.08960847373592,51.42576911737956,48.70717175152949,58.33698056824687,73.43851485466887,49.64797047444525,23.260793638757907,55.679167522332286,73.23498269783184,82.15532725790958,75.56883971350972,53.771112077760264,61.25718687619231,68.45379514875546,46.2557899752049,59.22932034961347,UMI,lat_cab
133,"Gambia, The",134,64.49146583870589,56.15716701750154,50.34001236258509,46.02502499834927,51.349724210754744,46.85303862941983,40.64698191689466,49.6154581398822,20.289323622210425,66.84507752860635,65.91552526719946,91.31695151170479,76.74038587210028,74.06228497108759,76.39347689967873,66.78124224697498,29.9190253332965,54.88879729742281,LI,west_af
134,Mexico,135,64.31227479722627,62.35287329932067,81.49913644220437,51.30666308239828,49.83178913013435,46.26553205641848,71.8858950662279,49.81180105223321,34.84631719126022,26.08743794080088,79.59589765681338,84.0095191831283,71.91728658824498,77.63042705455516,57.31225469480155,65.93723847088242,43.56204878388772,60.85263697347113,UMI,lat_cab
135,Nepal,136,63.412950278448164,58.93208919429889,61.08588654067675,53.53331367170762,55.86078893554571,52.38310037012851,56.88980336111031,54.18091742990089,23.558005381443973,67.11755995495407,48.4338359846213,90.2704919641851,76.71882076403485,62.74728770623975,72.04573589700051,63.97070578953877,41.16845969120185,57.75043198243629,LI,south_as
136,Vanuatu,137,61.66907956161763,55.58861631152961,65.33831166304458,46.97621175495172,45.926621417287926,48.132231817307435,44.803670241321996,48.700186765473,21.54743179782822,63.65082989314383,76.90885222346554,82.16913458274853,76.35495161474394,64.9200612066455,54.525276198150415,69.23882377017438,43.83123601810734,56.16215564813324,LMI,oceania
137,Lao PDR,138,61.43405458382028,60.83271877001528,53.87713333420839,49.81017458354946,55.014516449072005,52.37077806153943,51.58401681522972,54.36174478190221,21.22056771981392,56.09636428917995,76.07323728253324,90.52845811930081,76.7978066475781,62.00506592172901,62.48360745917019,64.90405738171951,38.56986989886277,56.327750473786644,LMI,southeast_as
138,"Yemen, Rep.",139,60.775505554719935,42.36453270534922,50.34891649818672,44.62923787768734,30.716349729072665,47.212590903077185,61.932470762759024,36.855018375827264,18.517550435219484,54.21683174494933,52.49902071616768,89.4742446630446,76.38788711743878,73.26315872082884,63.7980769255891,52.91463908041196,40.53141269265907,50.32659529781097,LMI,west_as
139,Honduras,140,60.1213660079414,57.7572394617318,73.01951298050746,46.2620461604626,48.094781830363864,56.78421380624815,62.00526817856625,51.37211029868245,21.481401371967696,51.50158437876731,81.07935703273819,88.61519210753434,76.1744421692258,73.4040064231282,69.61280571391508,62.11786680679627,44.21683159756551,59.37591087380849,LMI,lat_cab
140,Djibouti,141,59.99541107099802,43.60436749775972,56.42287003300245,41.6949981196654,53.6824144633293,49.54841018327852,43.9745118491563,44.767022984456716,24.800689802622106,50.764140370859614,71.31153980761732,88.18881832499844,76.47759226313657,56.48494993013098,51.70792161036418,68.56790463792143,41.28117653740263,53.24127493692015,LMI,east_af
141,Afghanistan,142,59.55852651552129,52.98740652980094,43.61170063530579,41.559745184264436,43.980834452224464,44.44235003872258,59.13022543244456,43.58678584599246,16.766602963415174,59.380756571655375,50.060945006983744,89.72111868433299,76.68911410366799,69.24250472280718,56.12207687467585,53.590768982624525,40.33452596552568,50.15895013317058,LI,south_as
143,Cabo Verde,144,58.84791992064572,58.589550096698936,70.60743173781111,51.158149278110244,54.01818509293006,56.230678601461456,68.3982315110319,49.29529304546197,25.30534003970673,53.27211064187384,74.30622747961341,84.58724478820518,75.86497398320081,60.08889860579701,64.19008180995206,78.94990139447796,44.22721128425999,60.24434504881202,LMI,west_af
144,Suriname,145,58.75967192335052,64.0301660966582,72.17196789247066,47.54470533531415,51.83491271607792,56.97850346939025,73.89156835150848,48.31437597091348,23.45266897995733,57.63979413327797,77.64182073317865,81.90793804672126,73.57647752667482,79.69371674373751,79.22605614666153,68.34921114802295,44.38823938028622,61.18537190069538,UMI,lat_cab
145,Namibia,146,57.82038102850095,50.18896210640755,54.21514620801912,62.90230299664323,60.026507152234096,49.16445964578395,49.39337616102547,52.60988541695068,30.0644045890144,41.553786342481544,77.49574798529851,85.72989467181503,77.21180417365285,73.6374229764501,90.7036008742513,72.54242571152894,46.49056612488558,59.35585105286878,UMI,south_af
146,Cameroon,147,56.82296390016318,59.701251614789506,46.893110600502524,46.76322006606253,55.450184351287625,41.97699426711929,48.01959859246017,50.35748683323053,21.18536294872478,55.35066222967195,50.313521477389614,90.3774606796906,76.6329481427247,65.19877778625779,71.58964640467657,58.34283820781578,38.46048225918359,52.932994393683046,LMI,mid_af
147,Kiribati,148,56.750266753669706,51.34592083529986,60.38202771807402,56.60057755955293,51.45342775297877,46.635673446885995,51.66384916531875,51.923342534881435,19.72611361571723,65.97550469509368,68.56787891090548,88.53666694388632,75.37490704279726,65.18230718807864,62.353310114545515,69.77629782398739,67.82356223905846,58.07103368508113,LMI,oceania
148,Kenya,149,56.5805529319884,56.028012123121194,58.62593561609259,48.4033422872052,51.04133773053699,40.3082135869221,45.32309346307915,58.61336404182488,25.168855827061396,54.68754068616702,66.434133625749,88.77357081892694,76.68786251689981,68.44594023312163,65.94201753628838,66.56301613411,34.06944986685989,55.63306995851201,LMI,east_af
149,Comoros,150,56.34504579182545,55.74241155652588,56.0712349619149,43.74411628626987,52.57877450028669,46.064364611723896,48.612462371572505,47.480602235065554,19.45631980201863,57.01383382197444,70.56704192696846,89.93474055038284,76.78454742754847,60.693548079497006,59.865913433699845,68.12686124871627,38.424760432708375,54.343144224372374,LI,east_af
150,Cote d'Ivoire,151,55.53011281349302,58.734804031013255,44.275492835270086,45.88573153104858,48.93631225351769,44.70126003342749,47.163183261548745,55.70446380445238,27.281436599376388,57.665427369701426,63.59703765446561,92.17559949717403,76.63395547354921,70.96061405417998,80.72055114808393,65.10634092047289,42.709766605449225,55.17203142371356,LMI,west_af
151,Botswana,152,55.24805746395169,47.1365766292758,59.25568828106956,56.910379630853576,48.348995560571886,54.807897634308326,56.938052575221775,46.93345589752642,27.5837634619299,38.19379008129636,74.73720943640797,82.06849417194269,75.21923948762709,64.05002388794063,77.87425340301705,73.98266037024595,39.27390498483242,56.97568700042633,UMI,south_af
152,Angola,153,54.10085330769535,54.20063907128063,45.38146398691218,40.22508249214055,58.844605320417735,42.5491354961726,47.872000948743434,44.2326772016951,17.79791578769177,57.48041373739196,56.28649003669288,89.07428726594794,76.10632849647172,60.54848520236787,69.07700278996731,58.24672883114467,39.98819052714706,51.2688976009237,LMI,mid_af
153,Haiti,154,51.18840528253691,49.753877515203804,49.13763506958105,43.065110848974946,47.783338568976355,42.57242020406215,35.58599651469531,43.05941987566067,19.578205662555927,60.4004607832617,50.146971013054014,89.79942505554254,76.75938674145543,61.340907204617665,51.095066533502745,60.98714636203446,38.471852722413566,49.92274127128282,LI,lat_cab
154,Solomon Islands,155,49.75454654019615,50.78348991509545,64.66935366744335,44.377795427807996,47.85301593508416,42.814973136482315,43.98067077904186,54.60017515844455,18.65953839468879,60.005725916766856,72.61664177156979,86.32001961628998,76.63142193417666,66.81074790921491,59.49901211397673,65.56442544233819,49.10033000507078,55.32529862876497,LMI,oceania
155,Sudan,156,49.02152768728471,47.65578612380603,54.362059202380976,40.361828116551294,51.008975203297744,42.74138350232183,50.66520462663727,40.65423009453256,20.80313066107619,61.39720761141914,52.89094920161462,87.56774552808052,76.71242490491268,75.69231957237628,62.77223642549741,61.02026866116828,38.60829983232352,52.12066502700017,LMI,north_af
156,South Africa,157,48.61546226268711,62.608822480282754,55.76331176418959,56.29403869343217,57.85960944200613,58.32709830870232,69.23210509328813,41.21022314256595,36.57413191174185,31.181929212362917,71.7053423716738,84.85952026428872,71.37343168934002,67.36962457637331,64.94871143455484,67.18252745264923,38.58894994323233,57.54887334226503,UMI,south_af
157,Papua New Guinea,158,48.395935837866794,43.88431902275283,49.99582710229292,42.3539635315838,50.84888533367238,33.56023901939314,42.94416851414155,49.82932600197655,16.887295667824862,50.94334009058633,63.686369960030476,88.90488210563478,76.30625087327873,60.77034330963515,60.833329191218375,60.06425142903263,41.222107369893614,50.2227729077614,LMI,oceania
158,Guinea,159,48.28712757343254,56.16131447311147,41.2240883102078,44.98670264365353,54.99996327046822,40.5013846924778,28.495167561605015,52.9434769406138,20.245074423877988,64.15649817333117,63.622300368856415,91.40051613052574,77.62347461518978,76.7770706748325,86.1711845312041,61.7384653037505,40.43669291874094,53.1981798914176,LI,west_af
159,Turkmenistan,160,47.877985968793276,63.153970534837036,68.73249028316718,54.856461667089654,50.526222590080145,62.020850846687345,74.76009848532141,55.064221748099094,18.9708278028851,62.772008041838795,75.0474622239415,86.00456840126638,67.69912061743334,61.02997219035581,64.74308929829058,71.7558715985916,39.79190794240346,59.80185350985893,UMI,cent_as
160,Sao Tome and Principe,161,47.53348111213119,60.67177459537668,64.5942659097723,55.28982066342512,46.21437242565269,48.15850700861836,49.182012349506884,47.08680115717259,20.918854728974125,52.426542014431185,73.12763724152478,84.46141061026478,77.64730218108598,84.88663300715648,73.22767317562133,70.25374982928858,41.95785262174481,58.08870930691795,LMI,mid_af
161,Ethiopia,162,46.56285587010773,56.432726448501164,50.03714640279761,41.52691587080776,50.22209071711049,33.23814211949449,38.258542866314905,53.18105123770268,19.323054350545362,65.8218716588654,64.1664487751544,90.98258772957911,76.85949881851671,66.46411225884204,61.50966755651518,58.61192994951513,39.236897519247755,51.82082096175977,LI,east_af
162,Eritrea,163,43.36578647920974,45.76823803093965,53.505253863806686,41.03710646474214,54.3847084725054,36.29232012191973,41.87709869851308,57.11300459327624,14.801075564560154,59.402722988912195,57.608586301984374,88.817829474611,76.81359623392896,65.5247040873134,58.819975506472545,52.214565538290245,37.840099156096166,50.48900937221028,LI,east_af
163,Senegal,164,43.08647918766959,60.94366785537294,59.087808975319355,43.96248896403501,48.62068974820619,48.89310870938339,49.506856696943125,51.58132762819814,23.515555723877185,49.29508884759351,67.27707870529926,90.13073730557896,77.05220759795809,64.84631038516386,76.51735953025309,69.19388043374035,42.132592100542844,56.20080021476766,LI,west_af
164,Burkina Faso,165,40.35255546368981,57.51621118157449,52.49372629058546,39.64463393409106,44.16567844562658,36.48125112889112,27.47853940695163,50.50519122964891,20.91743889620284,65.56752366957583,64.07298550124582,89.06758119066274,76.81508070292479,68.31228152465926,86.51856527244642,67.40124688219527,40.73596889324894,53.24035607503831,LI,west_af
165,Mali,166,40.246203344450805,56.363103143151946,42.91278761209309,33.5962887208719,48.19621897578964,46.54719645796263,30.30166840098277,48.17776973354127,19.33713014963761,64.18760324716398,64.51548358653086,89.21327284897872,76.85815786457381,70.38787304216746,73.67930275471845,59.69933395367824,40.75991551135253,50.9073922863129,LI,west_af
166,Chad,167,39.22817432480946,47.151495290066485,30.234510655881785,31.376665898448486,50.20215093609619,32.67098578941095,23.077505647208685,44.855305116184944,17.938447238990612,58.339251103824246,49.74905267071159,89.25113444376129,76.88231910997963,67.78253225345705,82.06745654012883,48.84945777149369,40.168699087728406,45.61930028858685,LI,mid_af
167,Uganda,168,39.148190116917064,55.23245796798984,52.76675834343975,50.63112627945472,55.5108944313622,36.523977972259054,29.695129310646717,54.07356937138122,24.2403074799315,58.73505402126495,53.75435935738089,89.27701809287615,77.27166795978677,67.0636507541106,77.2821108767537,61.071562279293666,38.30465739774624,53.39813877130854,LI,east_af
168,Equatorial Guinea,169,37.90458244502279,58.621084010050446,41.42553776219387,48.14614864280919,55.14221877597311,48.92629263290343,51.4644795279305,42.50427407481333,21.457304555471282,55.936814677336336,50.67592237647722,90.5743369466168,76.26589096688942,82.14275998705753,84.90734835184217,56.93674654398384,39.70080584953886,53.080936278974356,UMI,mid_af
169,Togo,170,37.50648127376459,58.442692219600815,48.383611606961786,49.91367406218407,52.51126826951903,40.39559010564388,30.778003773890532,54.46332616169793,22.03277079086906,56.08731370888213,54.05839981595289,91.6688883120404,77.60784228436528,63.88731028765096,85.47572526321395,64.2657868421224,42.04550445766804,53.653065013777685,LI,west_af
170,Tanzania,171,37.103232570972466,55.71940167382515,51.23669169005566,43.04505107876625,60.08909667964033,40.00901014546667,34.368484416228306,53.75671388287161,23.955599328899968,59.15597240709493,66.13925048699156,89.89061091480428,76.79045096678804,75.15073178675527,69.501843711066,63.16423891571442,31.58614842472642,53.507002988551456,LI,east_af
171,Sierra Leone,172,37.079521892384214,52.649183942367586,33.329367451728366,48.690968388276964,52.598211390786325,39.114410111891665,25.285843548472414,49.04964176599695,19.547420017734147,66.03909169241606,55.75498940436513,92.12193824973743,76.82508157227994,71.0094020502645,76.18835017271434,65.4856161136649,41.64355517183106,50.62890286517098,LI,west_af
172,Timor-Leste,173,36.96941117038991,50.073592392928354,58.531791113144244,54.731482567111044,51.752549420440296,48.28718040290131,48.85472617085833,47.63575378973574,20.57317118033096,63.2825766481991,77.4256117801853,89.79851998225845,76.62082337087682,63.88530558449257,68.13737862666783,71.75587196216175,45.55577991059864,56.37688389150636,LMI,southeast_as
173,Liberia,174,36.927636408057985,51.80424226465471,47.131451656779596,33.47816604410785,51.611507506322106,41.50074058944339,28.93889891095076,47.72493793584272,16.320234165627898,62.38652219313631,42.232297350548166,90.56431661603726,76.78793072640248,70.42756806498143,61.23790264519812,57.835147445220095,30.309943011080232,48.514472550924964,LI,west_af
174,"Venezuela, RB",175,36.8119529114958,56.50192371620801,66.65481319178267,54.65974967204574,48.74430965794506,59.64695706149536,76.85697706828186,54.833449408679385,26.557647903221255,43.11806625056141,64.71776588669664,85.16511574056376,75.0038261965029,63.700205929047115,83.68120659069709,49.32661609118854,44.59170384243439,57.78065167628476,UMI,lat_cab
175,Zimbabwe,176,36.33095652783513,49.44687262206533,51.117972126298696,53.92884964599509,52.227629302785374,43.373489704691636,42.66899844994442,54.99848318099796,22.160427667362246,60.87368041642198,62.11323614708144,92.19637913930002,76.32025321876773,74.02871089966818,84.38691358547015,57.35535823616423,43.490621851932225,54.68565758576118,LI,east_af
176,Benin,177,34.0325843493016,60.07870491011394,50.51896178301898,47.0840002244894,54.45289478098503,40.70796463801087,15.22814653406651,53.68054180110786,21.74777123891758,54.81474795727431,58.39196509300581,91.71692480463454,76.57758803374931,63.088023781878476,84.85856115432036,63.678577107323484,41.66878798072385,53.15403073309476,LI,west_af
178,Rwanda,179,32.44514434164493,54.64281587352759,62.92217870459193,51.14920506793795,65.39925604011188,45.88352596988556,34.20690782528409,55.691910476367426,22.20253665642567,52.6496957969963,63.084591219478966,86.28941926797094,77.29955762143578,68.28909740440302,71.6509549641776,71.26694345041766,41.00778988220869,56.551394065652566,LI,east_af
179,Nigeria,180,30.33636577589789,53.59306636220348,38.12723915106035,45.21203668865302,48.60069014924034,44.80760801691937,39.17346679144385,46.74137193704517,27.647549602176724,47.72541962773126,42.947682520144006,90.14385802843563,76.95506241530484,66.61275194670682,81.35874823157928,59.58789127622221,39.062477266713564,50.32560754255615,LMI,west_af
180,Somalia,181,27.1532374752726,48.98956808202802,34.39714487601287,38.303423254535126,39.9621310289736,40.299607949846866,34.19892190110579,44.70943824394818,15.054708655049415,58.035355264628286,65.2211663546995,87.53406247574023,78.13706658414011,65.66997368494988,56.68055217448987,51.51321266671694,38.45204339124594,45.96381422882616,LI,east_af
181,Zambia,182,25.449268537437195,50.174438139491286,51.60499604036849,50.713907765872996,52.275640111480406,40.79348083928404,41.45616951780434,48.08323382878167,20.21195219098258,37.05665637593364,61.77986277673369,90.39887316067224,77.95779191872006,69.40977786066954,75.68040010424609,56.60507527577455,40.659029931938754,51.847481312259234,LMI,east_af
182,Guinea-Bissau,183,24.810477109373895,54.0746246251682,41.9172682471874,41.74932847471107,48.56373985252787,40.81240195734006,27.114095257718933,52.37242680787868,15.120151049645946,43.296440165128104,55.216153508976845,90.52712892310753,77.2221850321525,69.21339789198686,76.35190337563452,54.58316145869948,38.87019000459088,48.86914385317587,LI,west_af
183,Lesotho,184,24.00283938038359,56.912040134210244,37.059379271178656,52.44319726685071,57.24558166475732,45.074340652735714,43.5126872518791,38.97534783228339,20.292584286351303,34.80473644941906,68.23356620649957,88.01798071589931,77.1267050242686,70.35946318708963,75.99482667670877,57.00245336455339,52.445368995065394,51.182222864082675,LMI,south_af
184,Niger,185,21.115474804654543,52.75765172420999,44.97286234746769,31.864818366874538,47.2312741594323,36.15457020631051,27.932491591805555,47.68712112911948,15.817336841892773,66.40901912764747,56.134636677697884,88.91230324756455,76.86444364934121,68.33050097458764,76.23730598296996,64.3045362959265,41.49063371168645,49.31490276354264,LI,west_af
185,Mozambique,186,20.59132566695443,52.29903928297043,43.725372574856756,47.44675745952712,56.63208161953932,40.14110352447493,34.97348892366759,48.69906747144678,19.046810717958902,42.26258284965928,67.39339811077377,90.05350052093716,77.34209732282876,75.27976406338696,75.33877915974162,63.83274300845827,44.34489986845219,51.78447563047275,LI,east_af
186,Malawi,187,19.700957836699214,60.20218387780685,54.1371997824205,42.929198106338994,51.112533971405576,42.42830508974562,29.599016331907066,47.51265751653874,18.24470369497346,53.89476773253724,67.60926289451108,90.44539446233289,76.8638415837208,69.16310824978248,74.60372343919968,58.88233245926015,41.99702287282245,52.39530970199892,LI,east_af
187,"Congo, Rep.",188,19.64812086591163,52.653136009966396,54.18975352730883,49.30595273673541,54.02022322561652,42.816703701688986,48.99732919934474,44.787595408238055,19.10040155372937,53.56695636046742,62.5596859865186,90.53256917980654,76.54903163709415,67.9785495936201,93.43434246843594,63.1779430220548,43.647479780783875,54.227665666951125,LI,mid_af
188,"Congo, Dem. Rep.",189,15.14495650663465,51.196292006366654,46.79739832341287,46.279276742737466,55.782006756917745,35.18302272194415,32.29771331567166,47.59270002063653,18.12568768693066,59.95535180200496,56.79406599906851,90.22752784470677,76.88644280499773,66.4200554504243,77.03892684334097,49.414905920884834,38.15369445765837,49.556676104456436,LMI,mid_af
189,Madagascar,190,14.314614562222074,46.5422049952384,47.721622561390575,45.5313049616828,57.187569394505,36.30002438785374,32.410099518599274,48.04037540942756,17.5519387053297,52.045789979227756,66.13303504350452,90.43968247761208,76.82701087210029,67.37326594596405,63.383871557256406,63.65630081110076,39.84423032892251,50.23311486347743,LI,east_af
190,Burundi,191,13.533131981889968,50.33464509972112,52.07840162967899,49.264262663524676,62.85387731839427,44.000396207246126,21.31466887328367,49.31399441723382,18.913128298043933,64.61540359652257,67.37831210044877,89.96563861788957,77.78003326178586,69.77173232468547,86.20515130478859,64.57508557798484,41.41540553571995,53.62410411885697,LI,east_af
192,Central African Republic,193,11.42680668837564,43.81631961569968,29.16690880986578,39.34778339779183,49.43958305245385,37.76316035180219,31.845048623436185,50.637169885659716,18.00157141270612,49.4373470009381,44.498353053852114,79.12276563497223,77.31246281408897,69.58223517082753,91.83124776089642,56.75344417412508,37.7828967266605,45.95525152113408,LI,mid_af
